"id","badestellen_id","date","sicht","eco","ente","temp","algen","cb","sicht_txt","eco_txt","ente_txt","temp_txt","algen_txt","cb_txt","bsl","state","wasserqualitaet","wasserqualitaet_txt"
1,344360,"2018-05-03",350,15,15,16.7,0,300,"350","<15","<15","16,70","","<300","B334","gruen",1,1
2,344320,"2018-05-14",160,15,15,20.5,0,300,"160","<15","<15","20,50","","<300","B225","gruen",1,1
3,344350,"2018-05-16",150,15,15,20.7,0,300,">150","<15","<15","20,70","","<300","B332","gruen",1,1
4,344337,"2018-04-19",120,15,15,16.2,0,300,">120","<15","15","16,20","","<300","B304","gruen",1,1
5,344321,"2018-05-14",120,15,15,19.9,0,300,"120","<15","<15","19,90","","<300","B105","gruen",1,1
6,344334,"2018-05-15",180,15,15,20.9,0,300,"180","15","<15","20,90","","<300","B920","gruen",1,1
7,344322,"2018-05-14",310,15,15,19.8,0,300,"310","<15","<15","19,80","","<300","B118","gruen",1,1
8,344323,"2018-05-14",120,15,15,21.4,0,300,"120","15","<15","21,40","","<300","B230","gruen",1,1
9,344340,"2018-05-16",200,312,30,19.7,0,300,">200","312","30","19,70","","<300","B961","gruen",1,1
10,344338,"2018-05-16",200,144,30,20.1,0,360,">200","144","30","20,10","","360","B962","gruen",1,1
11,344326,"2018-05-14",180,15,15,20.6,0,300,"180","<15","<15","20,60","","<300","B224","gruen",1,1
12,344362,"2018-05-03",350,15,15,16.1,0,300,"350","<15","<15","16,10","","<300","B333","gruen",1,1
13,344325,"2018-05-14",140,15,15,20,0,300,"140","<15","15","20,00","","<300","B226","gruen",1,1
14,344359,"2018-05-16",200,46,15,19.1,0,300,">200","46","15","19,10","","<300","B330","gruen",1,1
15,468922,"2018-04-19",100,15,15,19.3,0,300,"100","<15","15","19,30","","<300","B930","gruen",1,1
16,344335,"2018-04-26",350,15,15,14.8,0,300,">350","<15","<15","14,80","","<300","B925","gruen",1,1
17,344352,"2018-05-15",160,15,15,21.4,0,300,"160","<15","15","21,40","","<300","B922","gruen",1,1
18,344351,"2018-05-16",100,126,15,21,0,720,">100","126","<15","21,00","","720","B329","gruen",1,1
19,344328,"2018-05-14",170,15,15,20.6,0,300,"170","<15","<15","20,60","","<300","B112","gruen",1,1
20,344355,"2018-04-19",280,15,15,19.9,0,300,"280","<15","<15","19,90","","<300","B950","gruen",1,1
21,344358,"2018-05-16",150,272,45,19.2,0,360,">150","272","45","19,20","","360","B331","gruen",1,1
22,344336,"2018-05-15",160,15,15,21.2,0,360,"160","15","<15","21,20","","360","B926","gruen",1,1
23,344329,"2018-05-14",300,15,15,18.5,0,300,">300","<15","<15","18,50","","<300","B116","gruen",1,1
24,347246,"2018-04-25",125,15,15,17.3,0,300,"125","15","<15","17,30","","<300","B911","gruen",1,1
25,344353,"2018-05-15",220,15,15,20,0,300,"220","<15","<15","20,00","","<300","B915","gruen",1,1
26,344357,"2018-05-03",210,15,15,16.3,0,300,"210","<15","<15","16,30","","<300","B336","gruen",1,1
27,344341,"2018-04-26",100,15,15,15.4,0,300,">100","15","<15","15,40","","<300","B302","gruen",1,1
28,344356,"2018-04-19",250,15,15,17.4,0,300,"250","<15","<15","17,40","","<300","B955","gruen",1,1
29,344331,"2018-05-14",60,30,15,20.6,0,300,"60","30","<15","20,60","","<300","B215","gruen",1,1
30,344332,"2018-05-14",350,15,15,19.7,0,300,"350","<15","<15","19,70","","<300","B220","gruen",1,1
31,344343,"2018-04-26",100,15,15,14.1,0,910,">100","15","<15","14,10","","910","B309","gruen",1,1
32,344345,"2018-04-19",120,15,15,14.2,0,300,">120","<15","<15","14,20","","<300","B312","gruen",1,1
33,344348,"2018-04-26",160,15,15,13.5,0,300,">160","15","15","13,50","","<300","B311","gruen",1,1
34,344344,"2018-04-26",100,15,15,15.4,0,9300,">100","15","15","15,40","","9300","B314","gruen",1,1
35,344349,"2018-04-19",200,15,15,15.5,0,300,">200","<15","<15","15,50","","<300","B313","gruen",1,1
36,344363,"2018-04-19",200,15,15,16.4,0,300,"200","<15","<15","16,40","","<300","B936","gruen",1,1
37,344361,"2018-05-03",300,15,15,16.2,0,300,">300","<15","<15","16,20","","<300","B350","gruen",1,1
38,344318,"2018-04-25",130,15,15,17.5,0,300,"130","15","<15","17,50","","<300","B910","gruen",1,1
39,344333,"2018-05-14",160,15,15,20.3,0,300,"160","<15","<15","20,30","","<300","B227","gruen",1,1
40,344337,"2018-05-18",70,15,15,18.8,0,300,"70","<15","<15","18,80","","<300","B304","gruen",1,1
41,468922,"2018-05-17",100,61,15,20.5,0,910,"100","61","<15","20,50","","910","B930","gruen",1,1
42,344355,"2018-05-17",280,94,15,20,0,300,"280","94","<15","20,00","","<300","B950","gruen",1,1
43,344356,"2018-05-17",230,46,15,19.7,0,300,"230","46","<15","19,70","","<300","B955","gruen",1,1
44,344345,"2018-05-18",100,15,15,18.5,0,300,"100","<15","15","18,50","","<300","B312","gruen",1,1
45,344349,"2018-05-18",70,15,30,18.5,0,300,"70","15","30","18,50","","<300","B313","gruen",1,1
46,344363,"2018-05-17",200,15,15,19.1,0,300,"200","<15","<15","19,10","","<300","B936","gruen",1,1
47,344360,"2018-05-24",140,15,15,20.9,0,300,"140","<15","<15","20,90","","<300","B334","gruen",1,1
48,344350,"2018-05-24",80,15,15,20.6,0,300,"80","<15","<15","20,60","","<300","B332","gruen",1,1
49,344362,"2018-05-24",120,15,15,20.2,0,300,"120","15","<15","20,20","","<300","B333","gruen",1,1
50,344359,"2018-05-24",100,61,15,20,0,300,"100","61","<15","20,00","","<300","B330","gruen",1,1
51,344335,"2018-05-23",250,15,30,20.8,0,360,"250","15","30","20,80","","360","B925","gruen",1,1
52,344351,"2018-05-24",60,30,15,21.2,0,300,"60","30","<15","21,20","","<300","B329","gruen",1,1
53,344358,"2018-05-24",110,15,15,19.6,0,300,"110","<15","<15","19,60","","<300","B331","gruen",1,1
54,344357,"2018-05-24",120,15,15,20,0,300,"120","15","<15","20,00","","<300","B336","gruen",1,1
55,344341,"2018-05-23",70,15,15,21.5,0,910,"70","15","<15","21,50","","910","B302","gruen",1,1
56,344343,"2018-05-23",100,15,15,19.7,0,360,">100","<15","<15","19,70","","360","B309","gruen",1,1
57,344348,"2018-05-23",80,15,15,20,0,300,"80","15","<15","20,00","","<300","B311","gruen",1,1
58,344344,"2018-05-23",100,15,15,20.1,0,300,">100","15","<15","20,10","","<300","B314","gruen",1,1
59,344361,"2018-05-24",220,15,15,20.3,0,300,"220","<15","<15","20,30","","<300","B350","gruen",1,1
60,347246,"2018-05-25",120,15,15,22.3,0,300,"120","15","<15","22,30","","<300","B911","gruen",1,1
61,344318,"2018-05-25",100,15,45,22.3,0,300,"100","15","45","22,30","","<300","B910","gruen",1,1
62,344320,"2018-05-28",100,15,15,23.3,0,300,"100","<15","<15","23,30","","<300","B225","gruen",1,1
63,344321,"2018-05-28",80,15,15,22.7,0,300,"80","<15","<15","22,70","","<300","B105","gruen",1,1
64,344322,"2018-05-28",150,15,15,21.1,0,300,"150","<15","<15","21,10","","<300","B118","gruen",1,1
65,344323,"2018-05-28",70,15,15,23.7,0,300,"70","<15","<15","23,70","","<300","B230","gruen",1,1
66,344326,"2018-05-28",90,15,15,23.3,0,300,"90","15","<15","23,30","","<300","B224","gruen",1,1
67,344325,"2018-05-28",110,15,15,22.8,0,300,"110","<15","<15","22,80","","<300","B226","gruen",1,1
68,344328,"2018-05-28",100,15,15,23.1,0,300,"100","<15","<15","23,10","","<300","B112","gruen",1,1
69,344329,"2018-05-28",140,15,15,21.3,0,300,"140","<15","<15","21,30","","<300","B116","gruen",1,1
70,344331,"2018-05-28",70,15,15,22.3,0,300,"70","<15","<15","22,30","","<300","B215","gruen",1,1
71,344332,"2018-05-28",130,15,15,22.3,0,300,"130","15","<15","22,30","","<300","B220","gruen",1,1
72,344333,"2018-05-28",110,15,15,23.5,0,300,"110","<15","<15","23,50","","<300","B227","gruen",1,1
73,344350,"2018-05-30",100,15,15,25.1,0,300,"100","15","<15","25,10","","<300","B332","gruen",1,1
74,344334,"2018-05-29",80,15,30,23.5,0,300,"80","15","30","23,5","","<300","B920","gruen",1,1
75,344340,"2018-05-30",350,15,15,24.2,0,300,">350","15","<15","24,2","","<300","B961","gruen",1,1
76,344338,"2018-05-30",350,15,15,25.1,0,300,">350","<15","<15","25,1","","<300","B962","gruen",1,1
77,344359,"2018-05-30",120,15,15,24.2,0,300,"120","<15","<15","24,20","","<300","B330","gruen",1,1
78,468922,"2018-05-31",80,61,15,25.1,0,360,"80","61","15","25,1","","360","B930","gruen",1,1
79,344352,"2018-05-29",100,15,15,25.5,0,360,"100","<15","15","25,50","","360","B922","gruen",1,1
80,344351,"2018-05-30",100,30,15,24.5,0,730,"100","30","<15","24,50","","730","B329","gruen",1,1
81,344355,"2018-05-31",60,45,15,24,0,300,"60","45","15","24","","<300","B950","gruen",1,1
82,344358,"2018-05-30",150,77,15,25.7,0,300,"150","77","<15","25,70","","<300","B331","gruen",1,1
83,344336,"2018-05-29",120,46,15,24.8,0,300,"120","46","<15","24,80","","<300","B926","gruen",1,1
84,344353,"2018-05-29",120,15,15,23.5,0,300,"120","<15","<15","23,50","","<300","B915","gruen",1,1
85,344356,"2018-05-31",100,30,15,24.3,0,300,"100","30","<15","24,3","","<300","B955","gruen",1,1
86,344363,"2018-05-31",90,15,15,23.3,0,300,"90","<15","<15","23,3","","<300","B936","gruen",1,1
87,344337,"2018-06-01",100,15,15,24.6,0,360,"100","<15","15","24,6","","360","B304","gruen",1,1
88,344345,"2018-06-01",120,15,15,23.7,0,360,"120","15","<15","23,7","","360","B312","gruen",1,1
89,344349,"2018-06-01",120,15,15,25.5,0,300,"120","<15","<15","25,5","","300","B313","gruen",1,1
90,344360,"2018-06-06",130,15,15,23.2,0,300,"130","15","<15","23,2","","<300","B334","gruen",1,1
91,344350,"2018-06-06",140,15,46,23,0,360,"140","<15","46","23","","360","B332","gruen",1,1
92,344362,"2018-06-06",160,15,15,22.5,0,300,"160","15","<15","22,5","","<300","B333","gruen",1,1
93,344359,"2018-06-06",140,77,30,22.7,0,300,"140","77","30","22,7","","<300","B330","gruen",1,1
94,344335,"2018-06-07",230,15,15,24.4,0,300,"230","<15","<15","24,4","","<300","B925","gruen",1,1
95,344351,"2018-06-06",100,125,46,23.1,0,2300,"100","125","46","23,1","","2300","B329","gruen",1,1
96,344358,"2018-06-06",150,15,30,22.7,0,360,"150","<15","30","22,7","","360","B331","gruen",1,1
97,347246,"2018-06-08",180,15,30,23.7,0,360,"180","<15","30","23,7","","360","B911","gruen",1,1
98,344357,"2018-06-06",130,15,77,22.8,0,300,"130","<15","77","22,8","","<300","B336","gruen",1,1
99,344341,"2018-06-07",100,15,30,24.8,0,360,"100","15","30","24,8","","360","B302","gruen",1,1
100,344343,"2018-06-07",200,15,15,23.4,0,300,"200","<15","15","23,4","","<300","B309","gruen",1,1
101,344348,"2018-06-07",170,15,15,23.7,0,300,"170","<15","15","23,7","","<300","B311","gruen",1,1
102,344344,"2018-06-07",300,61,15,22.1,0,300,">300","61","<15","22,1","","<300","B314","gruen",1,1
103,344361,"2018-06-06",120,15,30,22.9,0,300,"120","15","30","22,9","","<300","B350","gruen",1,1
104,344318,"2018-06-08",200,61,15,23.7,0,300,"200","61","<15","23,7","","<300","B910","gruen",1,1
105,344320,"2018-06-11",100,15,15,24.3,0,300,"100","<15","15","24,3","","<300","B225","gruen",1,1
106,344321,"2018-06-11",100,15,15,24,0,300,"100","<15","<15","24","","<300","B105","gruen",1,1
107,344322,"2018-06-11",170,15,15,22.7,0,360,"170","<15","<15","22,7","","360","B118","gruen",1,1
108,344323,"2018-06-11",110,30,15,24.7,0,360,"110","30","<15","24,7","","360","B230","gruen",1,1
109,344326,"2018-06-11",110,15,15,24.4,0,300,"110","<15","15","24,4","","<300","B224","gruen",1,1
110,344325,"2018-06-11",100,15,15,24.3,0,300,"100","<15","<15","24,3","","<300","B226","gruen",1,1
111,344352,"2018-06-12",80,77,15,22.6,0,300,"80","77","<15","22,6","","<300","B922","gruen",1,1
112,344328,"2018-06-11",120,30,15,24.2,0,300,"120","30","<15","24,2","","<300","B112","gruen",1,1
113,344336,"2018-06-12",300,30,15,22.2,0,300,"300","30","15","22,2","","<300","B926","gruen",1,1
114,344329,"2018-06-11",120,15,15,24,0,300,"120","<15","<15","24","","<300","B116","gruen",1,1
115,344353,"2018-06-12",110,15,15,22.4,0,300,"110","<15","<15","22,4","","<300","B915","gruen",1,1
116,344331,"2018-06-11",70,15,46,24.4,0,300,"70","<15","46","24,4","","<300","B215","gruen",1,1
117,344332,"2018-06-11",110,15,15,24,0,300,"110","<15","<15","24","","<300","B220","gruen",1,1
118,344333,"2018-06-11",100,15,30,24.3,0,300,"100","<15","30","24,3","","<300","B227","gruen",1,1
119,344337,"2018-06-13",60,15,46,22.6,0,300,"60","<15","46","22,6","","<300","B304","gruen",1,1
120,344334,"2018-06-12",150,415,61,22.3,0,9300,"150","415","61","22,3","","9300","B920","gruen",1,1
121,468922,"2018-06-14",160,15,15,21.4,0,300,">160","<15","<15","21,4","","<300","B930","gruen",1,1
122,344355,"2018-06-14",180,77,15,22.2,0,730,"180","77","<15","22,2","","730","B950","gruen",1,1
123,344356,"2018-06-14",180,15,15,21.9,0,300,"180","<15","<15","21,9","","<300","B955","gruen",1,1
124,344345,"2018-06-13",140,15,15,21.9,0,300,"140","<15","<15","21,9","","<300","B312","gruen",1,1
125,344349,"2018-06-13",100,30,15,21.3,0,300,"100","30","15","21,3","","<300","B313","gruen",1,1
126,344363,"2018-06-14",150,15,15,20.8,0,300,"150","<15","<15","20,8","","<300","B936","gruen",1,1
127,344350,"2018-06-15",120,15,15,23.4,0,360,"120","15","<15","23,4","","360","B332","gruen",1,1
128,344340,"2018-06-15",350,213,61,23.1,0,730,">350","213","61","23,1","","730","B961","gruen",1,1
129,344338,"2018-06-15",350,15,15,22.9,0,300,">350","<15","<15","22,9","","<300","B962","gruen",1,1
130,344359,"2018-06-15",120,30,61,22.3,0,300,"120","30","61","22,3","","300","B330","gruen",1,1
131,344351,"2018-06-15",120,476,215,23.5,0,2300,"120","476","215","23,5","","2300","B329","gruen",1,1
132,344358,"2018-06-15",120,15,127,22.1,0,300,"120","<15","127","22,1","","<300","B331","gruen",1,1
133,344360,"2018-06-19",160,15,30,23.4,0,300,"160","<15","30","23,4","","<300","B334","gruen",1,1
134,344350,"2018-06-19",100,15,15,23.8,0,300,"100","15","<15","23,8","","<300","B332","gruen",1,1
135,344362,"2018-06-19",120,15,46,23.6,0,910,"120","<15","46","23,6","","910","B333","gruen",1,1
136,344359,"2018-06-19",90,15,15,23.2,0,300,"90","<15","<15","23,2","","<300","B330","gruen_prog",11,11
137,344351,"2018-06-19",80,15,15,23.4,0,300,"80","<15","15","23,4","","<300","B329","gruen_prog",11,11
138,344358,"2018-06-19",100,15,15,23.7,0,300,"100","<15","15","23,7","","<300","B331","gruen",1,1
139,344357,"2018-06-19",120,15,15,23.4,0,300,"120","<15","15","23,4","","<300","B336","gruen",1,1
140,344361,"2018-06-19",180,15,15,23.1,0,300,"180","<15","<15","23,1","","<300","B350","gruen",1,1
141,344335,"2018-06-21",190,179,30,23.7,0,300,"190","179","30","23,7","","<300","B925","gruen",1,1
142,347246,"2018-06-22",200,15,15,20.3,0,300,"200","15","<15","20,3","","<300","B911","gruen",1,1
143,344341,"2018-06-21",130,,15,23.6,0,300,"130","Â´<15","<15","23,6","","<300","B302","gruen",1,1
144,344343,"2018-06-21",150,375,15,24.4,0,360,">150","375","<15","24,4","","360","B309","gruen",1,1
145,344345,"2018-06-21",150,872,61,24.8,0,910,">150","872","61","24,8","","910","B312","gruen",1,1
146,344348,"2018-06-21",150,15,15,24,0,300,"150","<15","15","24","","<300","B311","gruen",1,1
147,344318,"2018-06-22",120,30,15,20.6,0,300,"120","30","<15","20,6","","<300","B910","gruen",1,1
148,344320,"2018-06-25",100,15,30,20.6,0,300,"100","15","30","20,6","","<300","B225","gruen",1,1
149,344321,"2018-06-25",90,15,30,18.6,0,300,"90","<15","30","18,6","","<300","B105","gruen",1,1
150,344334,"2018-06-26",240,15,15,18.8,0,24000,"240","15","15","18,8","","24000","B920","gelb",3,3
151,344322,"2018-06-25",210,30,15,19.1,0,300,"210","30","15","19,1","","<300","B118","gruen",1,1
152,344323,"2018-06-25",100,46,15,20.6,0,300,"100","46","<15","20,6","","<300","B230","gruen",1,1
153,344326,"2018-06-25",90,15,15,20.2,0,300,"90","<15","<15","20,2","","<300","B224","gruen",1,1
154,344325,"2018-06-25",100,15,15,20.3,0,300,"100","<15","<15","20,3","","<300","B226","gruen",1,1
155,344352,"2018-06-26",120,15,61,18.8,0,360,"120","<15","61","18,8","","360","B922","gruen",1,1
156,344328,"2018-06-25",120,15,15,18.9,0,300,"120","<15","<15","18,9","","<300","B112","gruen",1,1
157,344336,"2018-06-26",160,30,15,20.4,0,300,"160","30","<15","20,4","","<300","B926","gruen",1,1
158,344329,"2018-06-25",250,15,15,18.9,0,300,"250","<15","<15","18,9","","<300","B116","gruen",1,1
159,344353,"2018-06-26",150,15,15,19,0,300,"150","15","<15","19","","<300","B915","gruen",1,1
160,344331,"2018-06-25",50,15,15,19.6,0,300,"50","<15","15","19,6","","<300","B215","gruen",1,1
161,344332,"2018-06-25",150,15,15,19.6,0,300,"150","<15","15","19,6","","<300","B220","gruen",1,1
162,344333,"2018-06-25",100,15,15,20.1,0,300,"100","<15","<15","20,1","","<300","B227","gruen",1,1
163,344350,"2018-06-27",120,15,15,21.9,0,300,"120","<15","<15","21,9","","<300","B332","gruen",1,1
164,344340,"2018-06-27",350,15,46,21,0,300,">350","<15","46","21","","<300","B961","gruen",1,1
165,344338,"2018-06-27",350,15,46,21,0,300,">350","<15","46","21","","<300","B962","gruen",1,1
166,344359,"2018-06-27",120,77,15,20.6,0,300,"120","77","<15","20,6","","<300","B330","gruen",1,1
167,468922,"2018-06-28",140,15,15,20.2,0,300,"140","<15","<15","20,2","","<300","B930","gruen",1,1
168,344351,"2018-06-27",120,77,15,21.6,0,4300,"120","77","<15","21,6","","4300","B329","gruen",1,1
169,344355,"2018-06-28",200,213,30,21.8,0,300,"200","213","30","21,8","","<300","B950","gruen",1,1
170,344358,"2018-06-27",120,15,15,21.2,0,300,"120","<15","<15","21,2","","<300","B331","gruen",1,1
171,344356,"2018-06-28",300,30,15,21,0,300,"300","30","15","21","","<300","B955","gruen",1,1
172,344363,"2018-06-28",180,197,15,20.9,0,300,"180","197","15","20,9","","<300","B936","gruen",1,1
173,344337,"2018-06-29",75,46,46,23.4,0,300,">75","46","46","23,4","","<300","B304","gruen",1,1
174,344345,"2018-06-29",180,15,15,21.4,0,300,"180","<15","<15","21,4","","<300","B312","gruen",1,1
175,344349,"2018-06-29",180,30,15,23.9,0,300,"180","30","<15","23,9","","<300","B313","gruen",1,1
176,344344,"2018-06-21",150,872,61,24.8,0,910,">150","872","61","24,8","","910","B314","gruen",1,1
177,344334,"2018-07-03",300,15,15,21.9,0,300,"300","15","<15","21,9","","<300","B920","gruen",1,1
178,344360,"2018-07-04",120,15,15,23.2,0,300,"120","<15","<15","23,2","","<300","B334","gruen",1,1
179,344350,"2018-07-04",110,15,15,22.5,0,300,"110","<15","<15","22,5","","<300","B332","gruen",1,1
180,344362,"2018-07-04",130,15,15,22.4,0,300,"130","<15","<15","22,4","","<300","B333","gruen",1,1
181,344359,"2018-07-04",130,15,15,21.8,0,300,"130","<15","<15","21,8","","<300","B330","gruen",1,1
182,344335,"2018-07-05",220,46,15,24,0,300,"220","46","<15","24","","<300","B925","gruen",1,1
183,344351,"2018-07-04",140,15,15,22.2,0,300,"140","<15","<15","22,2","","<300","B329","gruen",1,1
184,344358,"2018-07-04",130,15,15,22.1,0,300,"130","<15","15","22,1","","<300","B331","gruen",1,1
185,347246,"2018-07-06",130,177,15,21.8,0,300,"130","177","<15","21,8","","<300","B911","gruen",1,1
186,344357,"2018-07-04",120,15,15,21.8,0,360,"120","<15","<15","21,8","","360","B336","gruen",1,1
187,344343,"2018-07-05",180,15,15,23,0,300,"180","15","<15","23","","<300","B309","gruen",1,1
188,344344,"2018-07-05",180,77,30,23.1,0,300,"180","77","30","23,1","","<300","B314","gruen",1,1
189,344361,"2018-07-04",140,15,15,22.8,0,300,"140","<15","15","22,8","","<300","B350","gruen",1,1
190,344318,"2018-07-06",90,30,46,22.1,0,360,"90","30","46","22,1","","360","B910","gruen",1,1
191,344320,"2018-07-09",90,15,15,22.7,0,300,"90","<15","<15","22,7","","<300","B225","gruen",1,1
192,344321,"2018-07-09",140,15,15,22.5,0,300,"140","<15","15","22,5","","<300","B105","gruen",1,1
193,344322,"2018-07-09",220,15,15,21.6,0,300,"220","<15","<15","21,6","","<300","B118","gruen",1,1
194,344323,"2018-07-09",120,15,15,22.5,0,300,"120","15","15","22,5","","<300","B230","gruen",1,1
195,344326,"2018-07-09",80,15,15,23.2,0,300,"80","15","<15","23,2","","<300","B224","gruen",1,1
196,344325,"2018-07-09",80,15,15,22.4,0,300,"80","<15","<15","22,4","","<300","B226","gruen",1,1
197,344328,"2018-07-09",180,15,15,22.5,0,300,"180","15","<15","22,5","","<300","B112","gruen",1,1
198,344329,"2018-07-09",270,15,15,22.1,0,300,"270","<15","<15","22,1","","<300","B116","gruen",1,1
199,344331,"2018-07-09",50,15,15,22.7,0,300,"50","<15","<15","22,7","","<300","B215","gruen",1,1
200,344332,"2018-07-09",110,15,15,22.9,0,300,"110","<15","<15","22,9","","<300","B220","gruen",1,1
201,344333,"2018-07-09",90,15,15,22,0,300,"90","<15","<15","22","","<300","B227","gruen",1,1
202,344334,"2018-07-10",160,15,30,21.5,0,300,"160","15","30","21,5","","<300","B920","gelb",3,3
203,344352,"2018-07-10",110,61,15,20.9,0,300,"110","61","<15","20,9","","<300","B922","gruen",1,1
204,344336,"2018-07-10",180,15,15,22.5,0,300,"180","<15","15","22,5","","<300","B926","gruen",1,1
205,344353,"2018-07-10",100,15,15,20.5,0,300,"100","<15","<15","20,5","","<300","B915","gruen",1,1
206,344350,"2018-07-12",100,77,30,20.8,0,910,"100","77","30","20,8","","910","B332","gruen",1,1
207,344340,"2018-07-12",300,161,179,21,0,360,">300","161","179","21","","360","B961","gruen",1,1
208,344338,"2018-07-12",300,412,110,20.5,0,910,">300","412","110","20,5","","910","B962","gruen",1,1
209,344359,"2018-07-12",100,15,15,20.8,0,300,"100","15","<15","20,8","","<300","B330","gruen",1,1
210,344351,"2018-07-12",100,45,368,21,0,360,"100","45","368","21","","360","B329","gruen",1,1
211,344358,"2018-07-12",100,2496,1494,20,0,24000,"100","2496","1494","20","","24000","B331","gelb",3,3
212,344337,"2018-07-13",100,15,15,21.1,0,300,"100","<15","<15","21,1","","<300","B304","gruen",1,1
213,344355,"2018-07-13",50,144,77,21.4,0,360,"50","144","77","21,4","","360","B950","gruen",1,1
214,344356,"2018-07-13",90,15,15,21.3,0,300,"90","15","<15","21,3","","<300","B955","gruen",1,1
215,344345,"2018-07-13",100,15,15,20.7,0,300,"100","<15","15","20,7","","<300","B312","gruen",1,1
216,344349,"2018-07-13",100,15,15,20.2,0,360,"100","15","15","20,2","","360","B313","gruen",1,1
217,344363,"2018-07-13",60,77,61,20.9,0,910,"60","77","61","20,9","","910","B936","gruen",1,1
218,468922,"2018-07-13",120,197,77,21.1,0,110,"120","197","77","21,1","",">110.000","B930","gelb",3,3
219,344360,"2018-07-17",70,15,15,25.2,0,300,"70","<15","<15","25,2","","<300","B334","gruen",1,1
220,344350,"2018-07-17",90,30,15,24.6,0,300,"90","30","<15","24,6","","<300","B332","gruen",1,1
221,344334,"2018-07-17",140,46,15,23.7,0,300,"140","46","15","23,7","","<300","B920","gruen",1,1
222,344362,"2018-07-17",70,15,15,23.1,0,300,"70","<15","<15","23,1","","<300","B333","gruen",1,1
223,344359,"2018-07-17",100,94,15,22.9,0,1500,"100","94","<15","22,9","","1500","B330","gruen",1,1
224,468922,"2018-07-18",110,15,15,23.6,0,2,"110","<15","<15","23,6","","2.300","B930","gruen",1,1
225,344351,"2018-07-17",90,61,15,24.3,0,300,"90","61","<15","24,3","","300","B329","gruen",1,1
226,344358,"2018-07-17",90,144,15,22.7,0,730,"90","144","15","22,7","","730","B331","gruen",1,1
227,344357,"2018-07-17",100,15,15,22.9,0,360,"100","15","15","22,9","","360","B336","gruen",1,1
228,344361,"2018-07-17",120,15,15,23.8,0,300,"120","<15","<15","23,8","","300","B350","gruen",1,1
229,344335,"2018-07-19",120,144,15,23,0,300,"120","144","<15","23","","<300","B925","gruen",1,1
230,344341,"2018-07-19",100,15,15,23.2,0,300,"100","15","15","23,2","","<300","B302","gruen",1,1
231,344343,"2018-07-19",300,15,15,23.1,0,300,">300","<15","<15","23,1","","<300","B309","gruen",1,1
232,344348,"2018-07-19",150,15,15,23.6,0,300,"150","<15","<15","23,6","","<300","B311","gruen",1,1
233,344344,"2018-07-19",300,46,30,23,0,300,">300","46","30","23","","<300","B314","gruen",1,1
234,347246,"2018-07-20",180,46,15,24.2,0,300,"180","46","<15","24,2","","<300","B911","gruen",1,1
235,344318,"2018-07-20",80,15,15,24.2,0,300,"80","15","<15","24,2","","<300","B910","gruen",1,1
236,344334,"2018-07-24",130,77,30,25.3,0,360,"130","77","30","25,3","","360","B920","gruen",1,1
237,344353,"2018-07-24",180,15,15,24.6,0,300,"180","15","<15","24,6","","<300","B915","gruen",1,1
238,344320,"2018-07-23",70,15,15,24.6,,300,"70","<15","<15","24,6","A","<300","B225","gruen_a",1,1
239,344321,"2018-07-23",100,15,15,23.7,0,300,"100","15","<15","23,7","","<300","B105","gruen",1,1
240,344322,"2018-07-23",180,15,15,23.6,,300,"180","15","<15","23,6","A","<300","B118","gruen_a",1,1
241,344323,"2018-07-23",70,15,15,24.7,,300,"70","<15","<15","24,7","A","<300","B230","gruen_a",1,1
242,344326,"2018-07-23",60,15,15,24.9,,300,"60","<15","<15","24,9","A","<300","B224","gruen_a",1,1
243,344325,"2018-07-23",70,15,15,24.5,,300,"70","<15","<15","24,5","A","<300","B226","gruen_a",1,1
244,344328,"2018-07-23",220,15,15,24,0,300,"220","15","<15","24","","<300","B112","gruen",1,1
245,344329,"2018-07-23",100,15,15,23.9,,300,"100","<15","<15","23,9","A","<300","B116","gruen_a",1,1
246,344331,"2018-07-23",40,30,15,24.8,,300,"40","30","15","24,8","A","<300","B215","gruen_a",1,1
247,344332,"2018-07-23",80,15,15,24.3,0,300,"80","<15","<15","24,3","","<300","B220","gruen",1,1
248,344333,"2018-07-23",70,15,15,24.5,,300,"70","<15","<15","24,5","A","<300","B227","gruen_a",1,1
249,344352,"2018-07-24",150,30,15,25.1,0,300,"150","30","<15","25,1","","<300","B922","gruen",1,1
250,344336,"2018-07-24",160,480,15,25.3,0,300,"160","480","15","25,3","","<300","B926","gruen",1,1
251,344350,"2018-07-25",130,30,15,25.9,0,360,"130","30","<15","25,9","","360","B332","gruen",1,1
252,344340,"2018-07-25",350,77,15,25.8,0,300,">350","77","<15","25,8","","<300","B961","gruen",1,1
253,344338,"2018-07-25",350,15,15,26.6,0,300,">350","<15","<15","26,6","","<300","B962","gruen",1,1
254,344359,"2018-07-25",130,15,15,25.2,0,360,"130","15","<15","25,2","","360","B330","gruen",1,1
255,468922,"2018-07-26",100,15,15,24.8,0,300,"100","15","<15","24,8","","<300","B930","gruen",1,1
256,344351,"2018-07-25",130,46,15,26.9,0,2300,"130","46","15","26,9","","2300","B329","gruen",1,1
257,344355,"2018-07-20",120,15,30,25.2,0,300,"120","<15","30","25,2","","<300","B950","gruen",1,1
258,344358,"2018-07-25",150,15,15,25.3,0,360,"150","<15","<15","25,3","","360","B331","gruen",1,1
259,344356,"2018-07-26",120,15,15,25.4,0,300,"120","<15","15","25,4","","<300","B955","gruen",1,1
260,344363,"2018-07-26",100,15,15,23.7,0,300,"100","15","<15","23,7","","<300","B936","gruen",1,1
261,344337,"2018-07-27",80,15,15,26.7,0,9300,"80","<15","<15","26,7","","9300","B304","gruen",1,1
262,344345,"2018-07-27",120,15,15,26.3,0,360,"120","15","<15","26,3","","360","B312","gruen",1,1
263,344349,"2018-07-27",150,15,30,27,0,360,"150","15","30","27","","360","B313","gruen",1,1
264,344355,"2018-07-26",120,15,30,25.2,0,300,"120","<15","30","25,2","","<300","B950","gruen",1,1
265,344360,"2018-08-01",200,15,15,26.9,0,300,"200","<15","<15","26,9","","<300","B334","gruen",1,1
266,344350,"2018-08-01",160,15,15,26.7,0,300,"160","<15","<15","26,7","","<300","B332","gruen",1,1
267,344362,"2018-08-01",230,15,15,26.7,0,300,"230","<15","<15","26,7","","<300","B333","gruen",1,1
268,344359,"2018-08-01",100,15,15,26.8,0,300,"100","<15","<15","26,8","","<300","B330","gruen",1,1
269,344335,"2018-08-02",80,15,15,26.2,0,300,"80","<15","15","26,2","","<300","B925","gruen",1,1
270,344351,"2018-08-01",130,15,15,26.9,0,300,"130","<15","<15","26,9","","<300","B329","gruen",1,1
271,344358,"2018-08-01",180,15,15,26.6,0,300,"180","<15","<15","26,6","","<300","B331","gruen",1,1
272,347246,"2018-08-03",160,15,15,27.2,0,300,"160","15","15","27,2","","<300","B911","gruen",1,1
273,344357,"2018-08-01",210,15,15,26.6,0,300,"210","<15","<15","26,6","","<300","B336","gruen",1,1
274,344341,"2018-08-02",100,15,15,26.3,0,300,"100","<15","15","26,3","","<300","B302","gruen",1,1
275,344343,"2018-08-02",200,15,15,26.1,0,300,"200","15","<15","26,1","","<300","B309","gruen",1,1
276,344348,"2018-08-02",110,15,15,26.3,0,300,"110","<15","<15","26,3","","<300","B311","gruen",1,1
277,344344,"2018-08-02",200,46,15,26.1,0,300,"200","46","<15","26,1","","<300","B314","gruen",1,1
278,344361,"2018-08-01",200,15,15,26.6,0,300,"200","<15","<15","26,6","","<300","B350","gruen",1,1
279,344318,"2018-08-03",70,197,15,27.3,0,360,"70","197","15","27,3","","360","B910","gruen",1,1
280,344320,"2018-08-06",40,15,15,26.7,,1400,"40","<15","<15","26,7","A","1400","B225","gruen_a",1,1
281,344321,"2018-08-06",80,15,30,25.5,0,300,"80","<15","30","25,5","","<300","B105","gruen",1,1
282,344322,"2018-08-06",60,15,15,25.6,,2000,"60","<15","15","25,6","A","2000","B118","gruen_a",1,1
283,344323,"2018-08-06",60,15,15,27.4,,1500,"60","<15","15","27,4","A","1500","B230","gruen_a",1,1
284,344326,"2018-08-06",50,15,15,26.9,,4300,"50","<15","15","26,9","A","4300","B224","gruen_a",1,1
285,344325,"2018-08-06",50,15,15,26.7,,2300,"50","<15","<15","26,7","A","2300","B226","gruen_a",1,1
286,344328,"2018-08-06",100,15,15,26.1,0,300,"100","<15","<15","26,1","","<300","B112","gruen",1,1
287,344329,"2018-08-06",60,15,30,25.6,,360,"60","<15","30","25,6","A","360","B116","gruen_a",1,1
288,344331,"2018-08-06",30,15,46,26.4,,300,"30","15","46","26,4","A","<300","B215","gelb_a",3,3
289,344332,"2018-08-06",60,15,15,25.9,,2900,"60","<15","<15","25,9","A","2900","B220","gruen_a",1,1
290,344333,"2018-08-06",40,15,46,26.9,,2300,"40","<15","46","26,9","A","2300","B227","gruen_a",1,1
291,344334,"2018-08-07",110,15,15,26.6,0,300,"110","15","<15","26,6","","<300","B920","gruen",1,1
292,344352,"2018-08-07",50,15,15,26.3,,300,"50","15","15","26,3","A","<300","B922","gruen_a",1,1
293,344336,"2018-08-07",100,15,15,26.5,0,300,"100","15","<15","26,5","","<300","B926","gruen",1,1
294,344353,"2018-08-07",80,179,15,26.3,,300,"80","179","<15","26,3","A","<300","B915","gruen_a",1,1
295,344350,"2018-08-09",160,30,15,27.9,0,300,"160","30","15","27,9","","<300","B332","gruen",1,1
296,344337,"2018-08-08",80,15,15,26.1,0,910,"80","<15","<15","26,1","","910","B304","gruen",1,1
297,344340,"2018-08-09",300,30,30,27.2,0,300,">300","30","30","27,2","","<300","B961","gruen",1,1
298,344338,"2018-08-09",320,15,15,27.2,0,300,">320","<15","<15","27,2","","<300","B962","gruen",1,1
299,344359,"2018-08-09",160,15,15,25.9,0,300,"160","<15","<15","25,9","","<300","B330","gruen",1,1
300,344351,"2018-08-09",60,77,15,27.3,0,300,"60","77","<15","27,3","","<300","B329","gruen",1,1
301,344358,"2018-08-09",80,46,15,25.4,0,300,">80","46","<15","25,4","","<300","B331","gruen",1,1
302,344345,"2018-08-08",150,110,15,25.5,0,360,"150","110","15","25,5","","360","B312","gruen",1,1
303,344349,"2018-08-08",150,213,30,25.5,0,360,">150","213","30","25,5","","360","B313","gruen",1,1
304,468922,"2018-08-10",110,15,15,25.1,0,300,"110","15","<15","25,1","","<300","B930","gruen",1,1
305,344355,"2018-08-10",180,15,15,25.1,0,2300,"180","15","<15","25,1","","2300","B950","gruen",1,1
306,344356,"2018-08-10",200,46,15,25.4,0,910,">200","46","15","25,4","","910","B955","gruen",1,1
307,344363,"2018-08-10",120,15,15,24.5,0,2300,"120","15","<15","24,5","","2300","B936","gruen",1,1
308,344360,"2018-08-14",120,15,15,23.7,0,300,"120","<15","<15","23,7","","<300","B334","gruen",1,1
309,344350,"2018-08-14",90,15,15,24.1,0,360,"90","<15","<15","24,1","","360","B332","gruen",1,1
310,344362,"2018-08-14",160,15,15,23.9,0,300,"160","<15","15","23,9","","<300","B333","gruen",1,1
311,344359,"2018-08-14",70,15,15,23.9,0,300,"70","15","<15","23,9","","<300","B330","gruen",1,1
312,344351,"2018-08-14",60,15,15,24.1,0,300,"60","<15","<15","24,1","","<300","B329","gruen",1,1
313,344358,"2018-08-14",70,15,15,24,0,300,"70","<15","<15","24","","<300","B331","gruen",1,1
314,344357,"2018-08-14",110,15,15,24,0,300,"110","<15","<15","24","","<300","B336","gruen",1,1
315,344361,"2018-08-14",220,15,15,23.8,0,300,"220","<15","<15","23,8","","<300","B350","gruen",1,1
316,344335,"2018-08-16",80,15,15,23,0,300,"80","<15","<15","23","","<300","B925","gruen",1,1
317,347246,"2018-08-17",210,61,46,24.5,0,300,"210","61","46","24,5","","<300","B911","gruen",1,1
318,344341,"2018-08-16",120,110,15,23.4,0,24000,"120","110","15","23,4","","24000","B302","gelb",3,3
319,344343,"2018-08-16",90,15,15,22.8,0,300,"90","<15","<15","22,8","","<300","B309","gruen",1,1
320,344348,"2018-08-16",120,15,15,23,0,360,"120","<15","<15","23","","360","B311","gruen",1,1
321,344344,"2018-08-16",110,15,15,23.1,0,360,"110","<15","<15","23,1","","360","B314","gruen",1,1
322,344318,"2018-08-17",90,30,15,24.6,0,300,"90","30","15","24,6","","<300","B910","gruen",1,1
323,344320,"2018-08-20",40,15,61,24.4,,300,"40","<15","61","24,4","A","<300","B225","gruen_a",1,1
324,344321,"2018-08-20",70,15,15,23.7,,300,"70","<15","<15","23,7","A","300","B105","gruen_a",1,1
325,344322,"2018-08-20",80,15,15,24.1,,360,"80","<15","<15","24,1","A","360","B118","gruen_a",1,1
326,344323,"2018-08-20",25,15,61,24.4,,720,"25","<15","61","24,4","A","720","B230","gelb_a",3,3
327,344326,"2018-08-20",40,15,30,24.2,,300,"40","<15","30","24,2","A","<300","B224","gruen_a",1,1
328,344325,"2018-08-20",60,15,30,24.1,,300,"60","15","30","24,1","A","<300","B226","gruen_a",1,1
329,344328,"2018-08-20",110,15,15,24,0,300,"110","15","<15","24","","<300","B112","gruen",1,1
330,344329,"2018-08-20",60,15,15,24.3,,300,"60","<15","15","24,3","A","<300","B116","gruen_a",1,1
331,344331,"2018-08-20",30,15,94,24.4,,360,"30","15","94","24,4","A","360","B215","gelb_a",3,3
332,344332,"2018-08-20",40,15,45,24.2,,300,"40","<15","45","24,2","A","<300","B220","gruen_a",1,1
333,344333,"2018-08-20",60,15,30,23.9,,300,"60","<15","30","23,9","A","<300","B227","gruen_a",1,1
334,344334,"2018-08-21",110,15,15,23.2,0,300,"110","<15","<15","23,2","","<300","B920","gruen",1,1
335,344352,"2018-08-21",100,30,15,22.6,,300,"100","30","<15","22,6","A","<300","B922","gruen_a",1,1
336,344336,"2018-08-21",130,46,30,23.7,0,2300,"130","46","30","23,7","","2300","B926","gruen",1,1
337,344353,"2018-08-21",110,15,15,23.1,,360,"110","<15","<15","23,1","A","360","B915","gruen_a",1,1
338,344350,"2018-08-22",100,15,15,24,0,2300,">100","15","<15","24","","2300","B332","gruen",1,1
339,344340,"2018-08-22",300,15,15,23.1,0,360,">300","<15","<15","23,1","","360","B961","gruen",1,1
340,344338,"2018-08-22",300,15,15,22.9,0,360,">300","<15","15","22,9","","360","B962","gruen",1,1
341,344359,"2018-08-22",50,15,15,24.3,,2300,"50","15","<15","24,3","A","2300","B330","gruen_a",1,1
342,468922,"2018-08-23",80,15,15,22.9,0,300,"80","<15","<15","22,9","","<300","B930","gruen",1,1
343,344351,"2018-08-22",150,30,15,24.3,0,2300,">150","30","15","24,3","","2300","B329","gruen",1,1
344,344355,"2018-08-23",200,15,15,23.4,0,300,"200","<15","<15","23,4","","<300","B950","gruen",1,1
345,344358,"2018-08-22",60,61,15,23.7,,2300,"60","61","15","23,7","A","2300","B331","gruen_a",1,1
346,344341,"2018-08-21",70,77,15,24,0,24000,"70","77","<15","24","","24000","B302","gelb",3,3
347,344356,"2018-08-23",150,15,15,23.7,0,300,"150","<15","<15","23,7","","<300","B955","gruen",1,1
348,344363,"2018-08-23",100,15,15,22.6,0,360,"100","15","<15","22,6","","360","B936","gruen",1,1
349,344337,"2018-08-24",80,30,15,23.5,0,2300,"80","30","<15","23,5","","2300","B304","gruen",1,1
350,344345,"2018-08-24",100,161,15,22.7,0,360,"100","161","<15","22,7","","360","B312","gruen",1,1
351,344349,"2018-08-24",110,46,15,23.3,0,300,"110","46","<15","23,3","","<300","B313","gruen",1,1
352,344360,"2018-08-28",180,15,15,21,0,300,"180","<15","<15","21","","<300","B334","gruen",1,1
353,344350,"2018-08-28",100,15,15,21.6,0,2300,"100","<15","<15","21,6","","2300","B332","gruen",1,1
354,344362,"2018-08-28",180,15,15,21.3,0,2300,"180","<15","<15","21,3","","2300","B333","gruen",1,1
355,344359,"2018-08-28",70,15,15,21.1,0,2300,"70","15","15","21,1","","2300","B330","gruen",1,1
356,344335,"2018-08-29",100,15,15,20.6,0,300,"100","<15","<15","20,6","","<300","B925","gruen",1,1
357,344351,"2018-08-28",60,15,15,21.5,0,24000,"60","<15","<15","21,5","","24000","B329","gelb",3,3
358,344358,"2018-08-28",100,15,15,21.1,0,360,"100","<15","15","21,1","","360","B331","gruen",1,1
359,347246,"2018-08-30",220,15,30,19.9,0,300,"220","<15","30","19,9","","<300","B911","gruen",1,1
360,344357,"2018-08-28",150,15,15,21.2,0,2300,"150","<15","<15","21,2","","2300","B336","gruen",1,1
361,344341,"2018-08-29",120,15,15,21,0,4300,"120","<15","<15","21","","4300","B302","gruen",1,1
362,344343,"2018-08-29",200,15,15,20.2,0,300,"200","15","<15","20,2","","<300","B309","gruen",1,1
363,344348,"2018-08-29",200,15,15,20.9,0,300,"200","<15","<15","20,9","","<300","B311","gruen",1,1
364,344344,"2018-08-29",200,15,15,20.4,0,300,">200","<15","<15","20,4","","<300","B314","gruen",1,1
365,344361,"2018-08-28",220,15,15,21.1,0,2300,"220","<15","<15","21,1","","2300","B350","gruen",1,1
366,344318,"2018-08-30",120,46,15,20.4,0,300,"120","46","<15","20,4","","<300","B910","gruen",1,1
367,344350,"2018-09-06",30,15,15,22.3,,300,"30","15","<15","22,3","A","<300","B332","gelb_a",3,3
368,344337,"2018-09-03",150,15,15,20.5,0,9300,">150","<15","<15","20,5","","9300","B304","gruen",1,1
369,344351,"2018-09-04",100,15,15,20.9,0,300,">100","15","15","20,9","","<300","B329","gruen",1,1
370,344345,"2018-09-03",150,110,15,20.5,0,360,">150","110","<15","20,5","","360","B312","gruen",1,1
371,344349,"2018-09-03",150,15,15,20.5,0,300,">150","<15","<15","20,5","","<300","B313","gruen",1,1
372,344320,"2018-09-04",70,15,15,21.7,,300,"70","15","<15","21,7","A","<300","B225","gruen_a",1,1
373,344321,"2018-09-04",120,15,15,20.2,0,300,"120","<15","<15","20,2","","<300","B105","gruen",1,1
374,344322,"2018-09-04",80,15,15,20.5,,300,"80","<15","<15","20,5","A","<300","B118","gruen_a",1,1
375,344323,"2018-09-04",70,15,15,21.5,,360,"70","<15","<15","21,5","A","360","B230","gelb_a",3,3
376,344326,"2018-09-04",60,15,15,21.1,,300,"60","<15","<15","21,1","A","<300","B224","gruen_a",1,1
377,344325,"2018-09-04",70,15,15,22,,300,"70","<15","15","22","A","<300","B226","gruen_a",1,1
378,344328,"2018-09-04",130,15,15,20.7,0,300,"130","15","<15","20,7","","<300","B112","gruen",1,1
379,344329,"2018-09-04",100,15,15,20.4,0,300,"100","<15","<15","20,4","","<300","B116","gruen",1,1
380,344331,"2018-09-04",50,15,15,21.3,,300,"50","15","15","21,3","A","<300","B215","gelb_a",3,3
381,344332,"2018-09-04",60,15,15,20.8,,300,"60","<15","<15","20,8","A","<300","B220","gruen_a",1,1
382,344333,"2018-09-04",60,15,15,21.4,,300,"60","15","15","21,4","A","<300","B227","gruen_a",1,1
383,344334,"2018-09-05",100,15,15,20.9,0,300,"100","<15","<15","20,9","","<300","B920","gruen",1,1
384,344340,"2018-09-06",350,15,15,20.5,0,300,">350","<15","<15","20,5","","<300","B961","gruen",1,1
385,344338,"2018-09-06",350,15,15,20.3,0,300,">350","<15","<15","20,3","","<300","B962","gruen",1,1
386,344359,"2018-09-06",100,15,15,21.3,0,300,"100","<15","<15","21,3","","<300","B330","gruen",1,1
387,468922,"2018-09-07",110,15,15,20.3,0,300,"110","<15","<15","20,3","","<300","B930","gruen",1,1
388,344352,"2018-09-05",130,46,15,20.7,0,360,"130","46","<15","20,7","","360","B922","gruen",1,1
389,344351,"2018-09-06",30,15,15,21.4,,300,"30","<15","<15","21,4","A","<300","B329","gelb_a",3,3
390,344355,"2018-09-07",80,15,15,20.5,0,300,"80","<15","<15","20,5","","<300","B950","gruen",1,1
391,344358,"2018-09-06",200,61,15,22.5,0,300,"200","61","<15","22,5","","<300","B331","gruen",1,1
392,344336,"2018-09-05",160,46,15,21.3,0,300,"160","46","15","21,3","","<300","B926","gruen",1,1
393,344353,"2018-09-05",160,15,15,21,,300,"160","<15","<15","21","A","<300","B915","gruen_a",1,1
394,344356,"2018-09-07",50,15,15,21,0,300,"50","<15","<15","21","","<300","B955","gruen",1,1
395,344363,"2018-09-07",40,15,15,19.7,0,300,"40","<15","15","19,7","","<300","B936","gruen",1,1
396,344360,"2018-09-11",210,15,15,20.5,0,300,"210","<15","<15","20,5","","<300","B334","gruen",1,1
397,344350,"2018-09-11",120,15,15,21.1,0,2300,"120","<15","<15","21,1","","2300","B332","gruen",1,1
398,344362,"2018-09-11",170,15,15,20.5,0,300,"170","<15","<15","20,5","","<300","B333","gruen",1,1
399,344359,"2018-09-11",80,15,15,20.2,0,910,"80","15","15","20,2","","910","B330","gruen",1,1
400,344351,"2018-09-11",70,15,15,20.8,0,4300,"70","15","<15","20,8","","4300","B329","gruen",1,1
401,344358,"2018-09-11",100,15,15,20.7,0,360,"100","15","15","20,7","","360","B331","gruen",1,1
402,344357,"2018-09-11",150,15,15,20.4,0,300,"150","<15","<15","20,4","","<300","B336","gruen",1,1
403,344361,"2018-09-11",220,15,15,20.4,0,300,"220","<15","<15","20,4","","<300","B350","gruen",1,1
404,344335,"2018-09-12",120,371,15,20.8,0,910,"120","371","<15","20,8","","910","B925","gruen",1,1
405,347246,"2018-09-13",100,126,15,18.6,0,300,"100","126","<15","18,6","","<300","B911","gruen",1,1
406,344343,"2018-09-12",300,94,249,20.6,0,300,"300","94","249","20,6","","<300","B309","gruen",1,1
407,344348,"2018-09-12",130,15,15,20.4,0,360,"130","<15","<15","20,4","","360","B311","gruen",1,1
408,344344,"2018-09-12",300,46,15,20.8,0,300,">300","46","<15","20,8","","<300","B314","gruen",1,1
409,344318,"2018-09-13",80,476,197,19.6,0,360,"80","476","197","19,6","","360","B910","gruen",1,1
410,344341,"2018-09-12",80,15,46,21.3,0,300,"80","15","46","21,3","","<300","B302","gruen",1,1
411,344360,"2019-04-24",240,15,15,13.9,0,300,"240","<15","<15","13,9","","<300","B334","gruen",1,1
412,344320,"2019-04-23",100,15,15,14.1,0,300,"100","<15","<15","14,1","","<300","B225","gruen",1,1
413,344350,"2019-04-24",140,15,15,13.3,0,300,"140","<15","<15","13,3","","<300","B332","gruen",1,1
414,344337,"2019-04-15",170,15,15,10.4,0,300,"170","<15","<15","10,4","","<300","B304","gruen",1,1
415,344321,"2019-04-23",80,15,15,14,0,300,"80","15","<15","14","","<300","B105","gruen",1,1
416,344334,"2019-04-25",360,15,15,16.9,0,300,"360","<15","<15","16,9","","<300","B920","gruen",1,1
417,344322,"2019-04-23",250,15,15,11.8,0,300,"250","<15","15","11,8","","<300","B118","gruen",1,1
418,344323,"2019-04-23",110,15,15,14.6,0,300,"110","15","<15","14,6","","<300","B230","gruen",1,1
419,344340,"2019-04-24",380,46,30,14.8,0,300,">380","46","30","14,8","","<300","B961","gruen",1,1
420,344338,"2019-04-24",380,15,15,14.2,0,300,">380","<15","<15","14,2","","<300","B962","gruen",1,1
421,344326,"2019-04-23",100,15,15,14.5,0,300,"100","<15","<15","14,5","","<300","B224","gruen",1,1
422,344362,"2019-04-24",210,15,15,13,0,300,"210","<15","<15","13","","<300","B333","gruen",1,1
423,344325,"2019-04-23",80,15,15,13.6,0,300,"80","<15","<15","13,6","","<300","B226","gruen",1,1
424,344359,"2019-04-24",140,15,15,14.5,0,300,"140","15","<15","14,5","","<300","B330","gruen",1,1
425,468922,"2019-04-18",80,15,15,11.6,0,360,"80","<15","<15","11,6","","360","B930","gruen",1,1
426,344335,"2019-04-25",420,15,15,17,0,300,"420","<15","<15","17","","<300","B925","gruen",1,1
427,344352,"2019-04-25",110,15,15,17.7,0,300,"110","<15","15","17,7","","<300","B922","gruen",1,1
428,344351,"2019-04-24",140,15,15,14.5,0,300,"140","<15","<15","14,5","","<300","B329","gruen",1,1
429,344328,"2019-04-23",140,15,15,13.8,0,300,"140","<15","<15","13,8","","<300","B112","gruen",1,1
430,344355,"2019-04-18",100,15,15,14,0,300,"<100","<15","<15","14","","<300","B950","gruen",1,1
431,344358,"2019-04-24",150,15,15,14.2,0,300,"150","<15","<15","14,2","","<300","B331","gruen",1,1
432,344336,"2019-04-25",400,15,15,20.5,0,300,"400","<15","<15","20,5","","<300","B926","gruen",1,1
433,344329,"2019-04-23",250,15,15,11.8,0,300,"250","<15","<15","11,8","","<300","B116","gruen",1,1
434,347246,"2019-04-17",160,15,15,12.1,0,300,"160","<15","<15","12,1","","<300","B911","gruen",1,1
435,344353,"2019-04-25",220,15,15,16.6,0,300,">220","15","<15","16,6","","<300","B915","gruen",1,1
436,344357,"2019-04-24",190,15,15,13.2,0,300,"190","<15","15","13,2","","<300","B336","gruen",1,1
437,344341,"2019-04-15",170,15,15,10.4,0,300,"170","<15","<15","10,4","","<300","B302","gruen",1,1
438,344356,"2019-04-18",100,15,15,11,0,300,"<100","<15","<15","11","","<300","B955","gruen",1,1
439,344331,"2019-04-23",70,15,15,13.9,0,300,"70","15","<15","13,9","","<300","B215","gruen",1,1
440,344332,"2019-04-23",140,15,15,13.2,0,300,"140","<15","<15","13,2","","<300","B220","gruen",1,1
441,344343,"2019-04-16",150,15,15,11.7,0,300,">150","15","<15","11,7","","<300","B309","gruen",1,1
442,344345,"2019-04-16",120,15,15,8.9,0,300,">120","<15","<15","8,9","","<300","B312","gruen",1,1
443,344348,"2019-04-16",190,15,15,9.9,0,300,">190","<15","<15","9,9","","<300","B311","gruen",1,1
444,344344,"2019-04-16",150,15,15,11.9,0,300,">150","<15","<15","11,9","","<300","B314","gruen",1,1
445,344349,"2019-04-16",150,15,15,9.8,0,300,">150","<15","15","9,8","","<300","B313","gruen",1,1
446,344363,"2019-04-18",100,15,15,12.1,0,300,"<100","15","<15","12,1","","<300","B936","gruen",1,1
447,344361,"2019-04-24",220,15,15,13.1,0,300,">220","<15","<15","13,1","","<300","B350","gruen",1,1
448,344318,"2019-04-17",200,61,15,12,0,300,">200","61","<15","12","","<300","B910","gruen",1,1
449,344333,"2019-04-23",80,15,15,13.7,0,300,"80","<15","<15","13,7","","<300","B227","gruen",1,1
450,344337,"2019-05-13",110,15,15,15,0,300,"110","<15","<15","15","","<300","B304","gruen",1,1
451,344341,"2019-05-13",120,15,15,15,0,300,"120","<15","<15","15","","<300","B302","gruen",1,1
452,344345,"2019-05-13",100,15,15,15.5,0,300,">100","<15","<15","15,5","","<300","B312","gruen",1,1
453,344348,"2019-05-13",200,15,15,15.8,0,300,">200","<15","<15","15,8","","<300","B311","gruen",1,1
454,344349,"2019-05-13",200,15,15,15.2,0,300,">200","15","<15","15,2","","<300","B313","gruen",1,1
455,344360,"2019-05-14",250,15,15,14.4,0,300,"250","<15","<15","14,4","","<300","B334","gruen",1,1
456,344350,"2019-05-14",250,15,15,14.4,0,300,"250","<15","<15","14,4","","<300","B332","gruen",1,1
457,344334,"2019-05-15",200,127,15,14.4,0,300,"200","127","<15","14,4","","<300","B920","gruen",1,1
458,344362,"2019-05-14",220,15,15,14.3,0,300,"220","<15","<15","14,3","","<300","B333","gruen",1,1
459,344359,"2019-05-14",130,15,15,14.4,0,300,"130","<15","<15","14,4","","<300","B330","gruen",1,1
460,344335,"2019-05-15",180,15,15,16.8,0,300,">180","15","<15","16,8","","<300","B925","gruen",1,1
461,344352,"2019-05-15",150,15,15,14.6,0,300,"150","15","<15","14,6","","<300","B922","gruen",1,1
462,344351,"2019-05-14",80,30,15,14.7,0,300,"80","30","<15","14,7","","<300","B329","gruen",1,1
463,344358,"2019-05-14",190,15,15,14.4,0,300,"190","<15","<15","14,4","","<300","B331","gruen",1,1
464,347246,"2019-05-15",150,15,15,14.6,0,300,"150","<15","<15","14,6","","<300","B911","gruen",1,1
465,344353,"2019-05-15",250,15,15,14.3,0,300,">250","<15","<15","14,3","","<300","B915","gruen",1,1
466,344357,"2019-05-14",220,15,15,14.2,0,300,"220","<15","<15","14,2","","<300","B336","gruen",1,1
467,344361,"2019-05-14",250,15,15,14.2,0,300,">250","<15","<15","14,2","","<300","B350","gruen",1,1
468,344318,"2019-05-15",150,61,15,13.6,0,300,"150","61","<15","13,6","","<300","B910","gruen",1,1
469,344343,"2019-05-16",100,15,15,12.4,,300,">100","<15","15","12,4","A","<300","B309","gruen_a",1,1
470,344345,"2019-05-16",100,15,15,12,,300,">100","<15","<15","12","A","<300","B312","gruen_a",1,1
471,344348,"2019-05-16",180,15,15,13.3,,300,">180","<15","<15","13,3","A","<300","B311","gruen_a",1,1
472,344344,"2019-05-16",100,15,15,12.3,,300,">100","15","<15","12,3","A","<300","B314","gruen_a",1,1
473,344349,"2019-05-16",200,15,15,12,,300,"200","<15","<15","12","A","<300","B313","gruen_a",1,1
474,344320,"2019-05-20",180,15,15,18.8,0,300,"180","<15","<15","18,8","","<300","B225","gruen",1,1
475,344350,"2019-05-22",100,1061,15,16.3,0,4300,"100","1061","<15","16,3","","4300","B332","gruen",1,1
476,344321,"2019-05-20",150,15,15,17.9,0,300,"150","15","<15","17,9","","<300","B105","gruen",1,1
477,344322,"2019-05-20",210,15,15,16.7,0,300,"210","<15","<15","16,7","","<300","B118","gruen",1,1
478,344323,"2019-05-20",190,15,15,18.8,0,300,"190","<15","<15","18,8","","<300","B230","gruen",1,1
479,344340,"2019-05-22",200,270,15,16.5,0,360,"200","270","15","16,5","","360","B961","gruen",1,1
480,344338,"2019-05-22",200,15,15,16.9,0,300,"200","<15","<15","16,9","","<300","B962","gruen",1,1
481,344326,"2019-05-20",170,15,15,18.3,0,300,"170","<15","15","18,3","","<300","B224","gruen",1,1
482,344325,"2019-05-20",160,15,15,17.8,0,300,"160","<15","<15","17,8","","<300","B226","gruen",1,1
483,344359,"2019-05-22",100,1719,30,16.4,0,2300,"100","1719","30","16,4","","2300","B330","gruen",1,1
484,344351,"2019-05-22",100,6581,194,16.9,0,24000,"100","6581","194","16,9","","24000","B329","gruen",1,1
485,344328,"2019-05-20",250,30,15,17.8,0,300,"250","30","<15","17,8","","<300","B112","gruen",1,1
486,344358,"2019-05-22",150,360,30,16.6,0,360,"150","360","30","16,6","","360","B331","gruen",1,1
487,344329,"2019-05-20",190,15,15,15.8,0,300,"190","15","<15","15,8","","<300","B116","gruen",1,1
488,344331,"2019-05-20",110,15,15,18.3,0,300,"110","<15","<15","18,3","","<300","B215","gruen",1,1
489,344332,"2019-05-20",230,15,15,17.9,0,300,"230","<15","<15","17,9","","<300","B220","gruen",1,1
490,344333,"2019-05-20",180,15,15,17.5,0,300,"180","<15","15","17,5","","<300","B227","gruen",1,1
491,468922,"2019-05-17",140,15,15,13.6,0,300,"140","15","15","13,6","","<300","B930","gruen",1,1
492,344355,"2019-05-17",90,30,15,15.3,0,300,">90","30","<15","15,3","","<300","B950","gruen",1,1
493,344336,"2019-05-23",200,15,15,18.3,0,300,"200","<15","<15","18,3","","<300","B926","gruen",1,1
494,344356,"2019-05-17",80,15,15,14.1,0,300,">80","<15","<15","14,1","","<300","B955","gruen",1,1
495,344363,"2019-05-17",60,15,15,13.5,0,300,">60","<15","<15","13,5","","<300","B936","gruen",1,1
496,344343,"2019-05-27",200,46,94,17.6,0,300,"200","46","94","17,6","","<300","B309","gruen",1,1
497,344345,"2019-05-27",180,15,15,17.7,0,300,"180","<15","15","17,7","","<300","B312","gruen",1,1
498,344348,"2019-05-27",200,15,15,17.6,0,300,"200","15","<15","17,6","","<300","B311","gruen",1,1
499,344344,"2019-05-27",150,15,15,17.4,0,300,"150","<15","<15","17,4","","<300","B314","gruen",1,1
500,344349,"2019-05-27",120,15,15,19.1,0,300,"120","15","15","19,1","","<300","B313","gruen",1,1
501,344356,"2019-05-29",160,292,3306,18,0,300,"160","292","3306","18","","<300","B955","gelb",3,3
502,344360,"2019-05-28",280,15,15,17.7,0,300,">280","15","<15","17,7","","<300","B334","gruen",1,1
503,344350,"2019-05-28",150,15,15,18.2,0,300,"150","15","<15","18,2","","<300","B332","gruen",1,1
504,344362,"2019-05-28",200,15,15,18,0,300,"200","<15","<15","18","","<300","B333","gruen",1,1
505,344359,"2019-05-28",130,15,15,18.2,0,910,"130","15","<15","18,2","","910","B330","gruen",1,1
506,344351,"2019-05-28",170,15,15,18.2,0,300,"170","<15","<15","18,2","","<300","B329","gruen",1,1
507,344358,"2019-05-28",170,15,15,18,0,300,"170","15","<15","18","","<300","B331","gruen",1,1
508,344357,"2019-05-28",160,15,15,17.7,0,300,"160","<15","<15","17,7","","<300","B336","gruen",1,1
509,344361,"2019-05-28",220,94,15,18.1,0,300,">220","94","<15","18,1","","<300","B350","gruen",1,1
510,344334,"2019-05-29",150,15,46,19,0,300,"150","<15","46","19","","<300","B920","gruen",1,1
511,468922,"2019-05-29",80,15,15,17.6,0,300,"80","<15","<15","17,6","","<300","B930","gruen",1,1
512,344335,"2019-05-29",200,15,15,18.3,0,300,"200","<15","<15","18,3","","<300","B925","gruen",1,1
513,344352,"2019-05-29",170,15,15,18.3,0,300,"170","<15","<15","18,3","","<300","B922","gruen",1,1
514,344355,"2019-05-29",180,15,15,18.2,0,300,"180","<15","<15","18,2","","<300","B950","gruen",1,1
515,344336,"2019-05-29",200,61,15,20.2,0,300,"200","61","15","20,2","","<300","B926","gruen",1,1
516,347246,"2019-05-29",100,15,30,18.1,0,300,">100","<15","30","18,1","","<300","B911","gruen",1,1
517,344353,"2019-05-29",200,15,15,17.8,0,300,"200","15","15","17,8","","<300","B915","gruen",1,1
518,344363,"2019-05-29",110,15,15,17.4,0,300,"110","<15","<15","17,4","","<300","B936","gruen",1,1
519,344318,"2019-05-29",150,15,15,17.1,0,300,"150","<15","<15","17,1","","<300","B910","gelb",3,3
520,344356,"2019-06-04",150,15,15,24.6,0,910,">150","15","<15","24,6","","910","B955","gruen",1,1
521,344320,"2019-06-05",120,15,15,24.8,0,300,"120","15","<15","24,8","","<300","B225","gruen",1,1
522,344350,"2019-06-06",100,15,15,26.8,0,300,"100","<15","<15","26,8","","<300","B332","gruen",1,1
523,344321,"2019-06-05",100,15,15,25.2,0,300,"100","15","<15","25,2","","<300","B105","gruen",1,1
524,344322,"2019-06-05",150,15,15,24.7,0,300,"150","<15","<15","24,7","","<300","B118","gruen",1,1
525,344323,"2019-06-05",120,15,15,24.4,0,300,"120","<15","15","24,4","","<300","B230","gruen",1,1
526,344340,"2019-06-06",200,30,15,24.4,0,300,">200","30","15","24,4","","<300","B961","gelb",3,3
527,344338,"2019-06-06",200,15,15,24.8,0,300,">200","15","<15","24,8","","<300","B962","gelb",3,3
528,344326,"2019-06-05",140,15,15,25,0,360,"140","<15","<15","25","","360","B224","gruen",1,1
529,344325,"2019-06-05",110,15,15,24.5,0,300,"110","<15","<15","24,5","","<300","B226","gruen",1,1
530,344359,"2019-06-06",110,15,15,24.7,0,300,"110","<15","<15","24,7","","<300","B330","gruen",1,1
531,344351,"2019-06-06",100,77,15,25.8,0,300,"100","77","<15","25,8","","<300","B329","gruen",1,1
532,344328,"2019-06-05",140,15,15,24.6,0,300,"140","15","<15","24,6","","<300","B112","gruen",1,1
533,344358,"2019-06-06",100,15,15,24.8,0,300,">100","15","15","24,8","","300","B331","gruen",1,1
534,344329,"2019-06-05",140,15,15,23.2,0,360,"140","<15","<15","23,2","","360","B116","gruen",1,1
535,344331,"2019-06-05",140,15,30,25.4,0,300,"140","<15","30","25,4","","<300","B215","gruen",1,1
536,344332,"2019-06-05",120,15,15,24.5,0,300,"120","<15","<15","24,5","","<300","B220","gruen",1,1
537,344333,"2019-06-05",120,15,15,24.6,0,300,"120","<15","<15","24,6","","<300","B227","gruen",1,1
538,344337,"2019-06-11",130,15,15,24,0,300,"130","<15","<15","24","","<300","B304","gruen",1,1
539,344341,"2019-06-11",130,15,15,24.2,0,300,"130","<15","<15","24,2","","<300","B302","gruen",1,1